college_id,name,type,website,city,state,zipcode,latitude,longitude,region
100663,University of Alabama at Birmingham (UAB),Public,www.uab.edu,Birmingham,AL,35294,33.505697,-86.799345,"Southeast (AL, AR, FL, GA, KY, LA, MS, NC, SC, TN, VA, WV)"
100706,University of Alabama at Huntsville (UAH),Public,www.uah.edu,Huntsville,AL,35899,34.724557,-86.640449,"Southeast (AL, AR, FL, GA, KY, LA, MS, NC, SC, TN, VA, WV)"
100751,"University of Alabama, Tuscaloosa",Public,www.ua.edu/,Tuscaloosa,AL,35487,33.211875,-87.545978,"Southeast (AL, AR, FL, GA, KY, LA, MS, NC, SC, TN, VA, WV)"
100858,Auburn University,Public,www.auburn.edu,Auburn,AL,36849,32.599378,-85.488258,"Southeast (AL, AR, FL, GA, KY, LA, MS, NC, SC, TN, VA, WV)"
102553,"University of Alaska, Anchorage",Public,www.uaa.alaska.edu,Anchorage,AK,99508,61.190163,-149.82619,"Far West (AK, CA, HI, NV, OR, WA)"
104151,Arizona State University (ASU),Public,www.asu.edu/,Tempe,AZ,85287,33.417721,-111.93438300000001,"Southwest (AZ, NM, OK, TX)"
104179,University of Arizona,Public,www.arizona.edu,Tucson,AZ,85721,32.232671999999994,-110.95081499999999,"Southwest (AZ, NM, OK, TX)"
106397,University of Arkansas,Public,https://www.uark.edu,Fayetteville,AR,72701,36.070009000000006,-94.17698100000001,"Southeast (AL, AR, FL, GA, KY, LA, MS, NC, SC, TN, VA, WV)"
106458,Arkansas State University (ASU),Public,www.astate.edu/,Jonesboro,AR,72401,35.842388,-90.679988,"Southeast (AL, AR, FL, GA, KY, LA, MS, NC, SC, TN, VA, WV)"
106485,University of Arkansas - Monticello (UAM),Public,www.uamont.edu/,Monticello,AR,71656,33.590909,-91.811153,"Southeast (AL, AR, FL, GA, KY, LA, MS, NC, SC, TN, VA, WV)"
110404,California Institute of Technology (CIT),Engineering,www.caltech.edu,Pasadena,CA,91125,34.137349,-118.125878,"Far West (AK, CA, HI, NV, OR, WA)"
110422,Cal Poly San Luis Obispo,Public,calpoly.edu,San Luis Obispo,CA,93407,35.299513,-120.657311,"Far West (AK, CA, HI, NV, OR, WA)"
110495,"California State University (CSU), Stanislaus",Public,https://www.csustan.edu,Turlock,CA,95382,37.52577,-120.852511,"Far West (AK, CA, HI, NV, OR, WA)"
110538,"California State University (CSU), Chico",Public,www.csuchico.edu,Chico,CA,95929,39.729712,-121.84485900000001,"Far West (AK, CA, HI, NV, OR, WA)"
110547,"California State University, Dominguez Hills (CSUDH)",Public,https://www.csudh.edu,Carson,CA,90747,33.864765999999996,-118.255917,"Far West (AK, CA, HI, NV, OR, WA)"
110565,"California State University, Fullerton (CSUF)",Public,www.fullerton.edu,Fullerton,CA,92831,33.881506,-117.885446,"Far West (AK, CA, HI, NV, OR, WA)"
110574,"California State University, East Bay (CSUEB)",Public,www.csueastbay.edu,Hayward,CA,94542,37.657694,-122.054135,"Far West (AK, CA, HI, NV, OR, WA)"
110583,"California State University, Long Beach (CSULB)",Public,www.csulb.edu,Long Beach,CA,90840,33.782818,-118.11204,"Far West (AK, CA, HI, NV, OR, WA)"
110608,"California State University, Northridge (CSUN)",Public,https://www.csun.edu,Northridge,CA,91330,34.240126000000004,-118.529319,"Far West (AK, CA, HI, NV, OR, WA)"
110617,"California State University, Sacramento (CSUS)",Public,www.csus.edu,Sacramento,CA,95819,38.559415,-121.423549,"Far West (AK, CA, HI, NV, OR, WA)"
110635,"University of California, Berkeley",Public,www.berkeley.edu,Berkeley,CA,94720,37.871918,-122.26046299999999,"Far West (AK, CA, HI, NV, OR, WA)"
110644,"University of California, Davis",Public,www.ucdavis.edu,Davis,CA,95616,38.539667,-121.749567,"Far West (AK, CA, HI, NV, OR, WA)"
110653,"University of California, Irvine (UCI)",Public,www.uci.edu/,Irvine,CA,92697,33.648434,-117.841248,"Far West (AK, CA, HI, NV, OR, WA)"
110662,University of California at Los Angeles (UCLA),Public,www.ucla.edu/,Los Angeles,CA,90095,34.068892,-118.443901,"Far West (AK, CA, HI, NV, OR, WA)"
110671,"University of California, Riverside (UCR)",Public,WWW.UCR.EDU,Riverside,CA,92521,33.97246,-117.32741000000001,"Far West (AK, CA, HI, NV, OR, WA)"
110680,"University of California, San Diego (UCSD)",Public,www.ucsd.edu,La Jolla,CA,92093,32.877749,-117.23586599999999,"Far West (AK, CA, HI, NV, OR, WA)"
110705,"University of California, Santa Barbara (UCSB)",Public,www.ucsb.edu,Santa Barbara,CA,93106,34.416297,-119.846426,"Far West (AK, CA, HI, NV, OR, WA)"
110714,"University of California, Santa Cruz (UCSC)",Public,www.ucsc.edu/,Santa Cruz,CA,95064,36.995584,-122.058801,"Far West (AK, CA, HI, NV, OR, WA)"
115409,Harvey Mudd College,Engineering,https://www.hmc.edu,Claremont,CA,91711,34.106515,-117.70983700000001,"Far West (AK, CA, HI, NV, OR, WA)"
115755,Humboldt State University,Public,www.humboldt.edu,Arcata,CA,95521,40.877481,-124.07829299999999,"Far West (AK, CA, HI, NV, OR, WA)"
120254,Occidental College,Liberal Arts,https://www.oxy.edu,Los Angeles,CA,90041,34.127124,-118.210908,"Far West (AK, CA, HI, NV, OR, WA)"
121345,Pomona College,Liberal Arts,www.pomona.edu,Claremont,CA,91711,34.099027,-117.714556,"Far West (AK, CA, HI, NV, OR, WA)"
122409,San Diego State University (SDSU),Public,www.sdsu.edu,San Diego,CA,92182,32.77525,-117.071228,"Far West (AK, CA, HI, NV, OR, WA)"
122597,San Francisco State University (SFSU),Public,www.sfsu.edu,San Francisco,CA,94132,37.721224,-122.476799,"Far West (AK, CA, HI, NV, OR, WA)"
122755,San Jose State University (SJSU),Public,www.sjsu.edu,San Jose,CA,95192,37.336569,-121.88062099999999,"Far West (AK, CA, HI, NV, OR, WA)"
123961,University of Southern California (USC),"Private, Nonprofit",www.usc.edu/,Los Angeles,CA,90089,34.021281,-118.28416899999999,"Far West (AK, CA, HI, NV, OR, WA)"
124292,Thomas Aquinas College,Liberal Arts,https://www.thomasaquinas.edu,Santa Paula,CA,93060,34.429009,-119.08714099999999,"Far West (AK, CA, HI, NV, OR, WA)"
126562,University of Colorado - Denver,Public,www.ucdenver.edu/,Denver,CO,80217,39.745149,-104.837722,"Rocky Mountains (CO, ID, MT, UT, WY)"
126614,University of Colorado - Boulder (UCB),Public,www.colorado.edu,Boulder,CO,80309,40.008781,-105.270823,"Rocky Mountains (CO, ID, MT, UT, WY)"
126678,Colorado College (CC),Liberal Arts,www.coloradocollege.edu,Colorado Springs,CO,80903,38.848859999999995,-104.82269699999999,"Rocky Mountains (CO, ID, MT, UT, WY)"
126775,Colorado School of Mines,Engineering,www.mines.edu,Golden,CO,80401,39.751443,-105.22336399999999,"Rocky Mountains (CO, ID, MT, UT, WY)"
126818,Colorado State University (CSU),Public,www.colostate.edu,Fort Collins,CO,80523,40.574805,-105.08073200000001,"Rocky Mountains (CO, ID, MT, UT, WY)"
127185,Fort Lewis College,Liberal Arts,fortlewis.edu/,Durango,CO,81301,37.275939,-107.86742199999999,"Rocky Mountains (CO, ID, MT, UT, WY)"
127918,Regis University,"Private, Nonprofit",www.regis.edu/,Denver,CO,80221,39.788175,-105.03075600000001,"Rocky Mountains (CO, ID, MT, UT, WY)"
129020,University of Connecticut (UConn),Public,uconn.edu/,Storrs,CT,06269,41.809098,-72.249948,"New England (CT, ME, MA, NH, RI, VT)"
129941,University of New Haven,"Private, Nonprofit",www.newhaven.edu,West Haven,CT,06516,41.291314,-72.961472,"New England (CT, ME, MA, NH, RI, VT)"
130226,Quinnipiac University,"Private, Nonprofit",www.qu.edu,Hamden,CT,06518,41.418915000000005,-72.89411700000001,"New England (CT, ME, MA, NH, RI, VT)"
130253,Sacred Heart University,"Private, Nonprofit",www.sacredheart.edu,Fairfield,CT,06825,41.220893,-73.243332,"New England (CT, ME, MA, NH, RI, VT)"
130697,"Wesleyan University (Middletown, Connecticut)",Liberal Arts,www.wesleyan.edu,Middletown,CT,06459,41.554665,-72.657146,"New England (CT, ME, MA, NH, RI, VT)"
130794,Yale University,Ivy League,https://www.yale.edu,New Haven,CT,06520,41.311158,-72.926688,"New England (CT, ME, MA, NH, RI, VT)"
130943,University of Delaware,Public,www.udel.edu/,Newark,DE,19716,39.679577,-75.752822,"Mid East (DE, DC, MD, NJ, NY, PA)"
131159,"American University, Washington D.C.","Private, Nonprofit",WWW.AMERICAN.EDU,Washington,DC,20016,38.936005,-77.088875,"Mid East (DE, DC, MD, NJ, NY, PA)"
131469,George Washington University (GWU),"Private, Nonprofit",https://www.gwu.edu,Washington,DC,20052,38.899229999999996,-77.048363,"Mid East (DE, DC, MD, NJ, NY, PA)"
131496,Georgetown University,"Private, Nonprofit",www.georgetown.edu,Washington,DC,20057,38.908809000000005,-77.073463,"Mid East (DE, DC, MD, NJ, NY, PA)"
131520,Howard University,"Private, Nonprofit",www.howard.edu,Washington,DC,20059,38.922391999999995,-77.018966,"Mid East (DE, DC, MD, NJ, NY, PA)"
132903,University of Central Florida (UCF),Public,www.ucf.edu/,Orlando,FL,32816,28.602159000000004,-81.200889,"Southeast (AL, AR, FL, GA, KY, LA, MS, NC, SC, TN, VA, WV)"
133669,Florida Atlantic University (FAU),Public,www.fau.edu/,Boca Raton,FL,33431,26.372421000000003,-80.10297800000001,"Southeast (AL, AR, FL, GA, KY, LA, MS, NC, SC, TN, VA, WV)"
133951,Florida International University (FIU),Public,www.fiu.edu,Miami,FL,33199,25.75732,-80.373928,"Southeast (AL, AR, FL, GA, KY, LA, MS, NC, SC, TN, VA, WV)"
134097,Florida State University (FSU),Public,www.fsu.edu,Tallahassee,FL,32306,30.440756,-84.291921,"Southeast (AL, AR, FL, GA, KY, LA, MS, NC, SC, TN, VA, WV)"
134130,University of Florida (UF),Public,www.ufl.edu/,Gainesville,FL,32611,29.646290000000004,-82.347911,"Southeast (AL, AR, FL, GA, KY, LA, MS, NC, SC, TN, VA, WV)"
134945,Jacksonville University,"Private, Nonprofit",https://www.ju.edu/index.php,Jacksonville,FL,32211,30.353227,-81.60458,"Southeast (AL, AR, FL, GA, KY, LA, MS, NC, SC, TN, VA, WV)"
137032,Saint Leo University,"Private, Nonprofit",www.saintleo.edu,Saint Leo,FL,33574,28.336776,-82.257801,"Southeast (AL, AR, FL, GA, KY, LA, MS, NC, SC, TN, VA, WV)"
137351,University of South Florida (USF),Public,www.usf.edu,Tampa,FL,33620,28.061458000000002,-82.413232,"Southeast (AL, AR, FL, GA, KY, LA, MS, NC, SC, TN, VA, WV)"
139658,Emory University,"Private, Nonprofit",www.emory.edu,Atlanta,GA,30322,33.790183,-84.325512,"Southeast (AL, AR, FL, GA, KY, LA, MS, NC, SC, TN, VA, WV)"
139755,Georgia Institute of Technology,Engineering,www.gatech.edu,Atlanta,GA,30332,33.772420000000004,-84.394832,"Southeast (AL, AR, FL, GA, KY, LA, MS, NC, SC, TN, VA, WV)"
139940,Georgia State University,Public,www.gsu.edu,Atlanta,GA,30303,33.7527,-84.38667,"Southeast (AL, AR, FL, GA, KY, LA, MS, NC, SC, TN, VA, WV)"
139959,University of Georgia (UGA),Public,www.uga.edu,Athens,GA,30602,33.956262,-83.374039,"Southeast (AL, AR, FL, GA, KY, LA, MS, NC, SC, TN, VA, WV)"
141574,University of Hawaii,Public,https://manoa.hawaii.edu,Honolulu,HI,96822,21.298598000000002,-157.818979,"Far West (AK, CA, HI, NV, OR, WA)"
142115,Boise State University (BSU),Public,www.boisestate.edu,Boise,ID,83725,43.604284,-116.203301,"Rocky Mountains (CO, ID, MT, UT, WY)"
142276,Idaho State University,Public,www.isu.edu/,Pocatello,ID,83209,42.863832,-112.43231200000001,"Rocky Mountains (CO, ID, MT, UT, WY)"
142285,University of Idaho,Public,www.uidaho.edu,Moscow,ID,83844,46.727406,-117.01416699999999,"Rocky Mountains (CO, ID, MT, UT, WY)"
143358,Bradley University,"Private, Nonprofit",www.bradley.edu,Peoria,IL,61625,40.696896,-89.616786,"Great Lakes (IL, IN, MI, OH, WI)"
144050,University Of Chicago,"Private, Nonprofit",WWW.UCHICAGO.EDU,Chicago,IL,60637,41.787994,-87.59953900000001,"Great Lakes (IL, IN, MI, OH, WI)"
144740,DePaul University,"Private, Nonprofit",https://www.depaul.edu,Chicago,IL,60604,41.877618,-87.62724,"Great Lakes (IL, IN, MI, OH, WI)"
145600,University of Illinois at Chicago,Public,www.uic.edu,Chicago,IL,60607,41.871837,-87.650503,"Great Lakes (IL, IN, MI, OH, WI)"
145637,University of Illinois at Urbana-Champaign (UIUC),Public,www.illinois.edu/,Champaign,IL,61820,40.104718,-88.229114,"Great Lakes (IL, IN, MI, OH, WI)"
145725,Illinois Institute of Technology (IIT),Engineering,web.iit.edu/,Chicago,IL,60616,41.8313,-87.627321,"Great Lakes (IL, IN, MI, OH, WI)"
145813,Illinois State University,Public,illinoisstate.edu/,Normal,IL,61790,40.509403000000006,-88.99005799999999,"Great Lakes (IL, IN, MI, OH, WI)"
147703,Northern Illinois University (NIU),Public,www.niu.edu,Dekalb,IL,60115,41.933869,-88.766428,"Great Lakes (IL, IN, MI, OH, WI)"
147767,Northwestern University,"Private, Nonprofit",www.northwestern.edu,Evanston,IL,60208,42.050356,-87.679858,"Great Lakes (IL, IN, MI, OH, WI)"
148335,Robert Morris College (RMC),"Private, Nonprofit",https://robertmorris.edu/,Chicago,IL,60605,41.876278000000006,-87.62706800000001,"Great Lakes (IL, IN, MI, OH, WI)"
149222,Southern Illinois University Carbondale,Public,www.siu.edu,Carbondale,IL,62901,37.714193,-89.21727299999999,"Great Lakes (IL, IN, MI, OH, WI)"
150136,Ball State University (BSU),Public,www.bsu.edu,Muncie,IN,47306,40.203431,-85.40904300000001,"Great Lakes (IL, IN, MI, OH, WI)"
150400,DePauw University,Liberal Arts,www.depauw.edu,Greencastle,IN,46135,39.640904,-86.860363,"Great Lakes (IL, IN, MI, OH, WI)"
151351,"Indiana University (IU), Bloomington",Public,www.indiana.edu/,Bloomington,IN,47405,39.166090000000004,-86.52655899999999,"Great Lakes (IL, IN, MI, OH, WI)"
151801,Indiana Wesleyan University (IWU),"Private, Nonprofit",https://www.indwes.edu,Marion,IN,46953,40.517936999999996,-85.667503,"Great Lakes (IL, IN, MI, OH, WI)"
152080,University of Notre Dame,"Private, Nonprofit",www.nd.edu,Notre Dame,IN,46556,41.703058,-86.238959,"Great Lakes (IL, IN, MI, OH, WI)"
153384,Grinnell College,Liberal Arts,www.grinnell.edu,Grinnell,IA,50112,41.747952000000005,-92.722094,"Plains (IA, KS, MN, MO, NE, ND, SD)"
153603,Iowa State University,Public,www.iastate.edu,Ames,IA,50011,42.026212,-93.648504,"Plains (IA, KS, MN, MO, NE, ND, SD)"
153658,University of Iowa (UI),Public,www.uiowa.edu,Iowa City,IA,52242,41.661935,-91.536425,"Plains (IA, KS, MN, MO, NE, ND, SD)"
155317,University of Kansas,Public,https://ku.edu,Lawrence,KS,66045,38.958549,-95.247567,"Plains (IA, KS, MN, MO, NE, ND, SD)"
155399,Kansas State University (KSU),Public,www.k-state.edu,Manhattan,KS,66506,39.188648,-96.58107700000001,"Plains (IA, KS, MN, MO, NE, ND, SD)"
155681,Pittsburg State University,Public,www.pittstate.edu,Pittsburg,KS,66762,37.392071,-94.702473,"Plains (IA, KS, MN, MO, NE, ND, SD)"
157085,University of Kentucky (UK),Public,www.uky.edu,Lexington,KY,40506,38.038911,-84.504747,"Southeast (AL, AR, FL, GA, KY, LA, MS, NC, SC, TN, VA, WV)"
157386,Morehead State University,Public,www.moreheadstate.edu,Morehead,KY,40351,38.186768,-83.434021,"Southeast (AL, AR, FL, GA, KY, LA, MS, NC, SC, TN, VA, WV)"
157863,Union College,Liberal Arts,www.unionky.edu,Barbourville,KY,40906,36.870875,-83.88847700000001,"Southeast (AL, AR, FL, GA, KY, LA, MS, NC, SC, TN, VA, WV)"
159391,Louisiana State University (LSU),Public,www.lsu.edu,Baton Rouge,LA,70803,30.414986,-91.178921,"Southeast (AL, AR, FL, GA, KY, LA, MS, NC, SC, TN, VA, WV)"
160658,University of Louisiana (UL) at Lafayette,Public,www.louisiana.edu,Lafayette,LA,70503,30.212190999999997,-92.020165,"Southeast (AL, AR, FL, GA, KY, LA, MS, NC, SC, TN, VA, WV)"
160755,Tulane University,"Private, Nonprofit",tulane.edu,New Orleans,LA,70118,29.940069,-90.12214399999999,"Southeast (AL, AR, FL, GA, KY, LA, MS, NC, SC, TN, VA, WV)"
160977,Bates College,Liberal Arts,www.bates.edu/,Lewiston,ME,04240,44.105299,-70.203333,"New England (CT, ME, MA, NH, RI, VT)"
161004,Bowdoin College,Liberal Arts,www.bowdoin.edu/,Brunswick,ME,04011,43.907134,-69.963942,"New England (CT, ME, MA, NH, RI, VT)"
161086,Colby College,Liberal Arts,www.colby.edu,Waterville,ME,04901,44.564211,-69.66337,"New England (CT, ME, MA, NH, RI, VT)"
161253,University Of Maine,Public,www.umaine.edu/,Orono,ME,04469,44.899257,-68.669332,"New England (CT, ME, MA, NH, RI, VT)"
161554,University of Southern Maine,Public,www.usm.maine.edu,Portland,ME,04103,43.662863,-70.274247,"New England (CT, ME, MA, NH, RI, VT)"
163268,University of Maryland Baltimore County (UMBC),Public,umbc.edu,Baltimore,MD,21250,39.256686,-76.711607,"Mid East (DE, DC, MD, NJ, NY, PA)"
163286,"University of Maryland, College Park",Public,www.umd.edu,College Park,MD,20742,38.988178000000005,-76.944721,"Mid East (DE, DC, MD, NJ, NY, PA)"
164465,Amherst College,Liberal Arts,www.amherst.edu,Amherst,MA,01002,42.372459,-72.518493,"New England (CT, ME, MA, NH, RI, VT)"
164924,Boston College,"Private, Nonprofit",www.bc.edu,Chestnut Hill,MA,02467,42.336213,-71.16924200000001,"New England (CT, ME, MA, NH, RI, VT)"
164988,Boston University,"Private, Nonprofit",www.bu.edu,Boston,MA,02215,42.351118,-71.10794200000001,"New England (CT, ME, MA, NH, RI, VT)"
165820,Fitchburg State College,Public,www.fitchburgstate.edu,Fitchburg,MA,01420,42.588297999999995,-71.789666,"New England (CT, ME, MA, NH, RI, VT)"
166027,Harvard University,Ivy League,www.harvard.edu,Cambridge,MA,02138,42.374471,-71.118313,"New England (CT, ME, MA, NH, RI, VT)"
166124,College of the Holy Cross,Liberal Arts,www.holycross.edu,Worcester,MA,01610,42.23752,-71.808214,"New England (CT, ME, MA, NH, RI, VT)"
166513,University of Massachusetts (UMass) - Lowell,Public,www.uml.edu,Lowell,MA,01854,42.652864,-71.326809,"New England (CT, ME, MA, NH, RI, VT)"
166629,University of Massachusetts (UMass) - Amherst,Public,www.umass.edu,Amherst,MA,01003,42.385999,-72.526728,"New England (CT, ME, MA, NH, RI, VT)"
166638,University of Massachusetts (UMass) - Boston,Public,www.umb.edu,Boston,MA,02125,42.312881,-71.036865,"New England (CT, ME, MA, NH, RI, VT)"
166683,Massachusetts Institute of Technology (MIT),Engineering,web.mit.edu/,Cambridge,MA,02139,42.359243,-71.093226,"New England (CT, ME, MA, NH, RI, VT)"
166939,Mount Holyoke College,Liberal Arts,https://www.mtholyoke.edu,South Hadley,MA,01075,42.256838,-72.57551099999999,"New England (CT, ME, MA, NH, RI, VT)"
167358,Northeastern University,"Private, Nonprofit",www.northeastern.edu,Boston,MA,02115,42.339991999999995,-71.088782,"New England (CT, ME, MA, NH, RI, VT)"
167835,Smith College,Liberal Arts,www.smith.edu,Northampton,MA,01063,42.318111,-72.638097,"New England (CT, ME, MA, NH, RI, VT)"
167987,University of Massachusetts (UMass) - Dartmouth,Public,www.umassd.edu,North Dartmouth,MA,02747,41.62869,-71.004552,"New England (CT, ME, MA, NH, RI, VT)"
168005,Suffolk University,"Private, Nonprofit",www.suffolk.edu,Boston,MA,02108,42.357945,-71.060917,"New England (CT, ME, MA, NH, RI, VT)"
168218,Wellesley College,Liberal Arts,www.wellesley.edu,Wellesley,MA,02481,42.291554,-71.306605,"New England (CT, ME, MA, NH, RI, VT)"
168227,Wentworth Institute of Technology,Engineering,https://WIT.EDU,Boston,MA,02115,42.336632,-71.094983,"New England (CT, ME, MA, NH, RI, VT)"
168342,Williams College,Liberal Arts,https://www.williams.edu,Williamstown,MA,01267,42.712725,-73.203132,"New England (CT, ME, MA, NH, RI, VT)"
168421,Worcester Polytechnic Institute (WPI),Engineering,https://www.wpi.edu/,Worcester,MA,01609,42.274853,-71.808339,"New England (CT, ME, MA, NH, RI, VT)"
169479,Davenport University,"Private, Nonprofit",www.davenport.edu,Grand Rapids,MI,49512,42.850013,-85.533519,"Great Lakes (IL, IN, MI, OH, WI)"
169798,Eastern Michigan University,Public,www.emich.edu,Ypsilanti,MI,48197,42.24694,-83.622501,"Great Lakes (IL, IN, MI, OH, WI)"
170976,University of Michigan,Public,www.umich.edu,Ann Arbor,MI,48109,42.275921000000004,-83.742769,"Great Lakes (IL, IN, MI, OH, WI)"
171100,Michigan State University (MSU),Public,https://www.msu.edu,East Lansing,MI,48824,42.73212,-84.476111,"Great Lakes (IL, IN, MI, OH, WI)"
172644,Wayne State University,Public,www.wayne.edu,Detroit,MI,48202,42.358994,-83.068998,"Great Lakes (IL, IN, MI, OH, WI)"
172699,Western Michigan University (WMU),Public,https://wmich.edu/,Kalamazoo,MI,49008,42.282194,-85.613759,"Great Lakes (IL, IN, MI, OH, WI)"
173258,Carleton College,Liberal Arts,www.carleton.edu,Northfield,MN,55057,44.462317999999996,-93.154666,"Plains (IA, KS, MN, MO, NE, ND, SD)"
173647,Gustavus Adolphus College,Liberal Arts,gustavus.edu/,Saint Peter,MN,56082,44.323626000000004,-93.972196,"Plains (IA, KS, MN, MO, NE, ND, SD)"
173920,Minnesota State University - Mankato,Public,https://mankato.mnsu.edu/,Mankato,MN,56001,44.146712,-93.99945,"Plains (IA, KS, MN, MO, NE, ND, SD)"
174066,University of Minnesota,Public,https://twin-cities.umn.edu,Minneapolis,MN,55455,44.972851,-93.23546400000001,"Plains (IA, KS, MN, MO, NE, ND, SD)"
174783,St. Cloud State University,Public,www.stcloudstate.edu,Saint Cloud,MN,56301,45.553227,-94.15265699999999,"Plains (IA, KS, MN, MO, NE, ND, SD)"
174844,St. Olaf College,Liberal Arts,wp.stolaf.edu,Northfield,MN,55057,44.461529,-93.182039,"Plains (IA, KS, MN, MO, NE, ND, SD)"
176017,University of Mississippi,Public,www.olemiss.edu,University,MS,38677,34.365528999999995,-89.53743399999999,"Southeast (AL, AR, FL, GA, KY, LA, MS, NC, SC, TN, VA, WV)"
176053,Mississippi College,"Private, Nonprofit",www.mc.edu,Clinton,MS,39058,32.335515,-90.329821,"Southeast (AL, AR, FL, GA, KY, LA, MS, NC, SC, TN, VA, WV)"
176080,Mississippi State University (MSU),Public,www.msstate.edu,Mississippi State,MS,39762,33.454852,-88.790139,"Southeast (AL, AR, FL, GA, KY, LA, MS, NC, SC, TN, VA, WV)"
178396,University of Missouri - Columbia,Public,missouri.edu/,Columbia,MO,65211,38.94531,-92.328843,"Plains (IA, KS, MN, MO, NE, ND, SD)"
178402,University of Missouri - Kansas City (UMKC),Public,https://www.umkc.edu/,Kansas City,MO,64110,39.034178999999995,-94.58214100000001,"Plains (IA, KS, MN, MO, NE, ND, SD)"
178411,University of Missouri - Rolla (UMR),Public,www.mst.edu/,Rolla,MO,65409,37.953426,-91.775583,"Plains (IA, KS, MN, MO, NE, ND, SD)"
178420,University of Missouri - St. Louis (UMSL),Public,https://www.umsl.edu/,Saint Louis,MO,63121,38.710312,-90.311091,"Plains (IA, KS, MN, MO, NE, ND, SD)"
178721,Park University,"Private, Nonprofit",www.park.edu,Parkville,MO,64152,39.189256,-94.679041,"Plains (IA, KS, MN, MO, NE, ND, SD)"
179566,Missouri State University (MSU),Public,www.missouristate.edu,Springfield,MO,65897,37.199258,-93.281281,"Plains (IA, KS, MN, MO, NE, ND, SD)"
180179,Montana State University - Billings,Public,www.msubillings.edu,Billings,MT,59101,45.796896000000004,-108.523009,"Rocky Mountains (CO, ID, MT, UT, WY)"
180461,Montana State University - Bozeman,Public,www.montana.edu/,Bozeman,MT,59717,45.666726000000004,-111.04881200000001,"Rocky Mountains (CO, ID, MT, UT, WY)"
180692,University of Montana,Public,w.umwestern.edu/,Dillon,MT,59725,45.208306,-112.63926399999998,"Rocky Mountains (CO, ID, MT, UT, WY)"
181394,University of Nebraska at Omaha,Public,https://www.unomaha.edu,Omaha,NE,68182,41.258769,-96.008516,"Plains (IA, KS, MN, MO, NE, ND, SD)"
181464,University of Nebraska,Public,www.unl.edu/,Lincoln,NE,68588,40.817598,-96.700508,"Plains (IA, KS, MN, MO, NE, ND, SD)"
182281,"University of Nevada, Las Vegas (UNLV)",Public,www.unlv.edu/,Las Vegas,NV,89154,36.106047,-115.138462,"Far West (AK, CA, HI, NV, OR, WA)"
182290,"University of Nevada, Reno (UNR)",Public,www.unr.edu/,Reno,NV,89557,39.543642,-119.815377,"Far West (AK, CA, HI, NV, OR, WA)"
182670,Dartmouth College,Ivy League,www.dartmouth.edu,Hanover,NH,03755,43.704115,-72.289949,"New England (CT, ME, MA, NH, RI, VT)"
183044,University of New Hampshire (UNH),Public,www.unh.edu,Durham,NH,03824,43.135934000000006,-70.93246500000001,"New England (CT, ME, MA, NH, RI, VT)"
184603,Fairleigh Dickinson University,"Private, Nonprofit",www.fdu.edu,Teaneck,NJ,07666,40.897209000000004,-74.028986,"Mid East (DE, DC, MD, NJ, NY, PA)"
186131,Princeton University,Ivy League,www.princeton.edu,Princeton,NJ,08544,40.348732,-74.65936500000001,"Mid East (DE, DC, MD, NJ, NY, PA)"
186283,Rider University,"Private, Nonprofit",www.rider.edu,Lawrenceville,NJ,08648,40.278796,-74.737833,"Mid East (DE, DC, MD, NJ, NY, PA)"
186380,Rutgers University,Public,https://newbrunswick.rutgers.edu/,New Brunswick,NJ,08901,40.498769,-74.446251,"Mid East (DE, DC, MD, NJ, NY, PA)"
186584,Seton Hall University,"Private, Nonprofit",www.shu.edu/,South Orange,NJ,07079,40.742336,-74.246027,"Mid East (DE, DC, MD, NJ, NY, PA)"
186867,Stevens Institute of Technology,Engineering,www.stevens.edu,Hoboken,NJ,07030,40.744776,-74.025334,"Mid East (DE, DC, MD, NJ, NY, PA)"
187967,New Mexico Institute of Mining and Technology (New Mexico Tech),Engineering,www.nmt.edu,Socorro,NM,87801,34.067040999999996,-106.90521100000001,"Southwest (AZ, NM, OK, TX)"
187985,University of New Mexico (UNM),Public,www.unm.edu,Albuquerque,NM,87106,35.083868,-106.62015500000001,"Southwest (AZ, NM, OK, TX)"
188030,New Mexico State University,Public,www.nmsu.edu/,Las Cruces,NM,88003,32.281568,-106.75206899999999,"Southwest (AZ, NM, OK, TX)"
188429,Adelphi University,"Private, Nonprofit",www.adelphi.edu/,Garden City,NY,11530,40.721439000000004,-73.65332099999999,"Mid East (DE, DC, MD, NJ, NY, PA)"
190099,Colgate University,Liberal Arts,www.colgate.edu,Hamilton,NY,13346,42.819475,-75.536346,"Mid East (DE, DC, MD, NJ, NY, PA)"
190150,Columbia University,Ivy League,www.columbia.edu,New York,NY,10027,40.808285999999995,-73.961885,"Mid East (DE, DC, MD, NJ, NY, PA)"
190372,Cooper Union,Engineering,www.cooper.edu,New York,NY,10003,40.728148,-73.991609,"Mid East (DE, DC, MD, NJ, NY, PA)"
190415,Cornell University,Ivy League,www.cornell.edu,Ithaca,NY,14853,42.4472,-76.48308399999999,"Mid East (DE, DC, MD, NJ, NY, PA)"
191126,Fashion Institute of Technology,Public,www.fitnyc.edu,New York,NY,10001,40.74731,-73.994781,"Mid East (DE, DC, MD, NJ, NY, PA)"
191241,Fordham University,"Private, Nonprofit",www.fordham.edu,Bronx,NY,10458,40.859353999999996,-73.882705,"Mid East (DE, DC, MD, NJ, NY, PA)"
191515,Hamilton College,Liberal Arts,www.hamilton.edu,Clinton,NY,13323,43.050245000000004,-75.40819499999999,"Mid East (DE, DC, MD, NJ, NY, PA)"
191649,Hofstra University,"Private, Nonprofit",www.hofstra.edu,Hempstead,NY,11549,40.715959000000005,-73.60078,"Mid East (DE, DC, MD, NJ, NY, PA)"
191968,Ithaca College,"Private, Nonprofit",www.ithaca.edu,Ithaca,NY,14850,42.422154,-76.494136,"Mid East (DE, DC, MD, NJ, NY, PA)"
192448,Long Island University,"Private, Nonprofit",liu.edu/CWPost,Brookville,NY,11548,40.820714,-73.593678,"Mid East (DE, DC, MD, NJ, NY, PA)"
193016,Mercy College,"Private, Nonprofit",https://www.mercy.edu,Dobbs Ferry,NY,10522,41.021626,-73.874447,"Mid East (DE, DC, MD, NJ, NY, PA)"
193900,New York University (NYU),"Private, Nonprofit",www.nyu.edu,New York,NY,10012,40.729452,-73.997264,"Mid East (DE, DC, MD, NJ, NY, PA)"
193973,Niagara University,"Private, Nonprofit",www.niagara.edu,Niagara University,NY,14109,43.137279,-79.036689,"Mid East (DE, DC, MD, NJ, NY, PA)"
194310,Pace University,"Private, Nonprofit",www.pace.edu,New York,NY,10038,40.711014,-74.004719,"Mid East (DE, DC, MD, NJ, NY, PA)"
194578,Pratt Institute,"Private, Nonprofit",www.pratt.edu,Brooklyn,NY,11205,40.691297,-73.96431,"Mid East (DE, DC, MD, NJ, NY, PA)"
194824,Rensselaer Polytechnic Institute (RPI),Engineering,www.rpi.edu,Troy,NY,12180,42.729978,-73.67664599999999,"Mid East (DE, DC, MD, NJ, NY, PA)"
195003,Rochester Institute of Technology (RIT),Engineering,www.rit.edu/,Rochester,NY,14623,43.084188,-77.67385999999999,"Mid East (DE, DC, MD, NJ, NY, PA)"
195474,Siena College,Liberal Arts,https://www.siena.edu,Loudonville,NY,12211,42.717602,-73.7526,"Mid East (DE, DC, MD, NJ, NY, PA)"
195526,Skidmore College,Liberal Arts,www.skidmore.edu/,Saratoga Springs,NY,12866,43.097035,-73.785335,"Mid East (DE, DC, MD, NJ, NY, PA)"
195809,"St. John's University, New York","Private, Nonprofit",www.stjohns.edu,Queens,NY,11439,40.722522999999995,-73.796104,"Mid East (DE, DC, MD, NJ, NY, PA)"
196042,State University of New York (SUNY) at Farmingdale,Public,www.farmingdale.edu/,Farmingdale,NY,11735,40.754224,-73.42832,"Mid East (DE, DC, MD, NJ, NY, PA)"
196060,State University of New York (SUNY) at Albany,Public,www.albany.edu,Albany,NY,12222,42.685489000000004,-73.824662,"Mid East (DE, DC, MD, NJ, NY, PA)"
196079,Binghamton University,Public,www.binghamton.edu,Vestal,NY,13850,42.087868,-75.966889,"Mid East (DE, DC, MD, NJ, NY, PA)"
196097,Stony Brook University,Public,https://www.stonybrook.edu,Stony Brook,NY,11794,40.91476,-73.12046,"Mid East (DE, DC, MD, NJ, NY, PA)"
196130,State University of New York (SUNY) at Buffalo,Public,suny.buffalostate.edu/,Buffalo,NY,14222,42.933832,-78.882125,"Mid East (DE, DC, MD, NJ, NY, PA)"
196158,State University of New York (SUNY) at Fredonia,Public,www.fredonia.edu,Fredonia,NY,14063,42.452236,-79.337375,"Mid East (DE, DC, MD, NJ, NY, PA)"
196167,State University of New York (SUNY) at Geneseo,Public,www.geneseo.edu/,Geneseo,NY,14454,42.796645,-77.821894,"Mid East (DE, DC, MD, NJ, NY, PA)"
196185,State University of New York (SUNY) at Oneonta,Public,https://suny.oneonta.edu,Oneonta,NY,13820,42.468861,-75.063632,"Mid East (DE, DC, MD, NJ, NY, PA)"
196194,State University of New York (SUNY) at Oswego,Public,https://www.oswego.edu/,Oswego,NY,13126,43.454287,-76.540798,"Mid East (DE, DC, MD, NJ, NY, PA)"
196200,State University of New York (SUNY) at Potsdam,Public,www.potsdam.edu,Potsdam,NY,13676,44.662147999999995,-74.973815,"Mid East (DE, DC, MD, NJ, NY, PA)"
196246,State University of New York (SUNY) at Plattsburgh,Public,www.plattsburgh.edu,Plattsburgh,NY,12901,44.69293,-73.466536,"Mid East (DE, DC, MD, NJ, NY, PA)"
196413,Syracuse University,"Private, Nonprofit",https://www.syracuse.edu,Syracuse,NY,13244,43.040176,-76.136975,"Mid East (DE, DC, MD, NJ, NY, PA)"
197133,Vassar College,Liberal Arts,www.vassar.edu,Poughkeepsie,NY,12604,41.686895,-73.895088,"Mid East (DE, DC, MD, NJ, NY, PA)"
197869,Appalachian State University,Public,www.appstate.edu/,Boone,NC,28608,36.215536,-81.680583,"Southeast (AL, AR, FL, GA, KY, LA, MS, NC, SC, TN, VA, WV)"
198385,Davidson College,Liberal Arts,www.davidson.edu/,Davidson,NC,28035,35.499767,-80.843979,"Southeast (AL, AR, FL, GA, KY, LA, MS, NC, SC, TN, VA, WV)"
198419,Duke University,"Private, Nonprofit",WWW.DUKE.EDU,Durham,NC,27708,36.001135,-78.937624,"Southeast (AL, AR, FL, GA, KY, LA, MS, NC, SC, TN, VA, WV)"
198464,East Carolina University (ECU),Public,www.ecu.edu,Greenville,NC,27858,35.607186,-77.368291,"Southeast (AL, AR, FL, GA, KY, LA, MS, NC, SC, TN, VA, WV)"
199120,University of North Carolina at Chapel Hill (UNCH),Public,www.unc.edu,Chapel Hill,NC,27599,35.911769,-79.050969,"Southeast (AL, AR, FL, GA, KY, LA, MS, NC, SC, TN, VA, WV)"
199139,University of North Carolina at Charlotte (UNCC),Public,https://www.uncc.edu,Charlotte,NC,28223,35.306022,-80.730919,"Southeast (AL, AR, FL, GA, KY, LA, MS, NC, SC, TN, VA, WV)"
199193,North Carolina State University (NCSU),Public,www.ncsu.edu,Raleigh,NC,27695,35.785111,-78.67451700000001,"Southeast (AL, AR, FL, GA, KY, LA, MS, NC, SC, TN, VA, WV)"
199218,University of North Carolina at Wilmington (UNCW),Public,www.uncw.edu,Wilmington,NC,28403,34.225223,-77.875527,"Southeast (AL, AR, FL, GA, KY, LA, MS, NC, SC, TN, VA, WV)"
200004,Western Carolina University,Public,www.wcu.edu,Cullowhee,NC,28723,35.308979,-83.186258,"Southeast (AL, AR, FL, GA, KY, LA, MS, NC, SC, TN, VA, WV)"
200280,University of North Dakota,Public,https://und.edu,Grand Forks,ND,58202,47.921654,-97.071738,"Plains (IA, KS, MN, MO, NE, ND, SD)"
200332,North Dakota State University (NDSU),Public,https://www.ndsu.edu,Fargo,ND,58108,46.893127,-96.800838,"Plains (IA, KS, MN, MO, NE, ND, SD)"
200800,University of Akron,Public,www.uakron.edu,Akron,OH,44325,41.078551000000004,-81.511679,"Great Lakes (IL, IN, MI, OH, WI)"
201441,Bowling Green State University,Public,www.bgsu.edu,Bowling Green,OH,43403,41.375513,-83.640896,"Great Lakes (IL, IN, MI, OH, WI)"
201645,Case Western Reserve University,"Private, Nonprofit",www.case.edu,Cleveland,OH,44106,41.507419,-81.609596,"Great Lakes (IL, IN, MI, OH, WI)"
202134,Cleveland State University,Public,www.csuohio.edu/,Cleveland,OH,44115,41.502280999999996,-81.674355,"Great Lakes (IL, IN, MI, OH, WI)"
202523,Denison University,Liberal Arts,https://www.denison.edu,Granville,OH,43023,40.071505,-82.52327199999999,"Great Lakes (IL, IN, MI, OH, WI)"
203517,Kent State University,Public,www.kent.edu,Kent,OH,44242,41.146653,-81.34253299999999,"Great Lakes (IL, IN, MI, OH, WI)"
204501,Oberlin College,Liberal Arts,www.oberlin.edu,Oberlin,OH,44074,41.291992,-82.21679499999999,"Great Lakes (IL, IN, MI, OH, WI)"
204796,Ohio State University (OSU),Public,www.osu.edu/,Columbus,OH,43210,39.999324,-83.014853,"Great Lakes (IL, IN, MI, OH, WI)"
204857,Ohio University,Public,www.ohio.edu,Athens,OH,45701,39.326798,-82.100985,"Great Lakes (IL, IN, MI, OH, WI)"
206084,University of Toledo,Public,www.utoledo.edu/,Toledo,OH,43606,41.660571999999995,-83.614714,"Great Lakes (IL, IN, MI, OH, WI)"
206525,Wittenberg University,Liberal Arts,www.wittenberg.edu,Springfield,OH,45504,39.934028999999995,-83.815445,"Great Lakes (IL, IN, MI, OH, WI)"
207388,Oklahoma State University,Public,www.okstate.edu/,Stillwater,OK,74078,36.123084999999996,-97.069743,"Southwest (AZ, NM, OK, TX)"
207458,Oklahoma City University,"Private, Nonprofit",www.okcu.edu,Oklahoma City,OK,73106,35.495271,-97.54124200000001,"Southwest (AZ, NM, OK, TX)"
207500,University of Oklahoma,Public,www.ou.edu,Norman,OK,73019,35.209407,-97.444211,"Southwest (AZ, NM, OK, TX)"
207971,University of Tulsa,"Private, Nonprofit",https://utulsa.edu,Tulsa,OK,74104,36.152324,-95.945941,"Southwest (AZ, NM, OK, TX)"
209056,Lewis & Clark College,Liberal Arts,www.lclark.edu/,Portland,OR,97219,45.450882,-122.669137,"Far West (AK, CA, HI, NV, OR, WA)"
209542,Oregon State University (OSU),Public,https://oregonstate.edu,Corvallis,OR,97331,44.56395,-123.274723,"Far West (AK, CA, HI, NV, OR, WA)"
209551,University of Oregon,Public,www.uoregon.edu,Eugene,OR,97403,44.045146,-123.07579199999999,"Far West (AK, CA, HI, NV, OR, WA)"
209807,Portland State University (PSU),Public,www.pdx.edu,Portland,OR,97201,45.511601,-122.68628899999999,"Far West (AK, CA, HI, NV, OR, WA)"
209922,Reed College,Liberal Arts,https://www.reed.edu,Portland,OR,97202,45.480959000000006,-122.630348,"Far West (AK, CA, HI, NV, OR, WA)"
211291,Bucknell University,Liberal Arts,www.bucknell.edu,Lewisburg,PA,17837,40.954316999999996,-76.882616,"Mid East (DE, DC, MD, NJ, NY, PA)"
211440,Carnegie Mellon University (CMU),Engineering,www.cmu.edu/,Pittsburgh,PA,15213,40.44357,-79.94199300000001,"Mid East (DE, DC, MD, NJ, NY, PA)"
212054,Drexel University,"Private, Nonprofit",www.drexel.edu,Philadelphia,PA,19104,39.955217,-75.190051,"Mid East (DE, DC, MD, NJ, NY, PA)"
212106,Duquesne University,"Private, Nonprofit",www.duq.edu,Pittsburgh,PA,15282,40.43589,-79.993123,"Mid East (DE, DC, MD, NJ, NY, PA)"
212577,Franklin and Marshall College,Liberal Arts,WWW.FANDM.EDU,Lancaster,PA,17604,40.048045,-76.319037,"Mid East (DE, DC, MD, NJ, NY, PA)"
212674,Gettysburg College,Liberal Arts,WWW.GETTYSBURG.EDU,Gettysburg,PA,17325,39.836597,-77.23679200000001,"Mid East (DE, DC, MD, NJ, NY, PA)"
213251,Juniata College,Liberal Arts,www.juniata.edu,Huntingdon,PA,16652,40.500523,-78.017292,"Mid East (DE, DC, MD, NJ, NY, PA)"
213367,La Salle University (Philadelphia),"Private, Nonprofit",www.lasalle.edu,Philadelphia,PA,19141,40.037979,-75.153061,"Mid East (DE, DC, MD, NJ, NY, PA)"
213385,Lafayette College,Liberal Arts,https://www.lafayette.edu/,Easton,PA,18042,40.69956,-75.209786,"Mid East (DE, DC, MD, NJ, NY, PA)"
213543,Lehigh University,"Private, Nonprofit",www.lehigh.edu,Bethlehem,PA,18015,40.606821999999994,-75.380236,"Mid East (DE, DC, MD, NJ, NY, PA)"
214157,Moravian College,Liberal Arts,www.moravian.edu,Bethlehem,PA,18018,40.630947,-75.383638,"Mid East (DE, DC, MD, NJ, NY, PA)"
214713,Penn State - Harrisburg,Public,harrisburg.psu.edu,Middletown,PA,17057,40.203765999999995,-76.7423,"Mid East (DE, DC, MD, NJ, NY, PA)"
214777,Pennsylvania State University (PSU),Public,www.psu.edu/,University Park,PA,16802,40.7965,-77.862848,"Mid East (DE, DC, MD, NJ, NY, PA)"
215062,University of Pennsylvania,Ivy League,www.upenn.edu,Philadelphia,PA,19104,39.950928999999995,-75.19391,"Mid East (DE, DC, MD, NJ, NY, PA)"
216287,Swarthmore College,Liberal Arts,www.swarthmore.edu,Swarthmore,PA,19081,39.905159000000005,-75.35427800000001,"Mid East (DE, DC, MD, NJ, NY, PA)"
216366,Philadelphia University,"Private, Nonprofit",www.jefferson.edu,Philadelphia,PA,19107,39.948274,-75.158266,"Mid East (DE, DC, MD, NJ, NY, PA)"
216524,Ursinus College,Liberal Arts,www.ursinus.edu,Collegeville,PA,19426,40.193023,-75.456505,"Mid East (DE, DC, MD, NJ, NY, PA)"
216597,Villanova University,"Private, Nonprofit",www.villanova.edu,Villanova,PA,19085,40.039388,-75.345457,"Mid East (DE, DC, MD, NJ, NY, PA)"
216852,Widener University,"Private, Nonprofit",www.widener.edu,Chester,PA,19013,39.861689,-75.355363,"Mid East (DE, DC, MD, NJ, NY, PA)"
217156,Brown University,Ivy League,www.brown.edu,Providence,RI,02912,41.82617,-71.40385,"New England (CT, ME, MA, NH, RI, VT)"
217402,Providence College,"Private, Nonprofit",www.providence.edu,Providence,RI,02918,41.842742,-71.437446,"New England (CT, ME, MA, NH, RI, VT)"
217484,University of Rhode Island (URI),Public,web.uri.edu/,Kingston,RI,02881,41.484691,-71.52735600000001,"New England (CT, ME, MA, NH, RI, VT)"
217518,Roger Williams University,"Private, Nonprofit",https://www.rwu.edu,Bristol,RI,02809,41.650214,-71.260374,"New England (CT, ME, MA, NH, RI, VT)"
217882,Clemson University,Public,www.clemson.edu,Clemson,SC,29634,34.679381,-82.835114,"Southeast (AL, AR, FL, GA, KY, LA, MS, NC, SC, TN, VA, WV)"
218663,University of South Carolina,Public,www.sc.edu/,Columbia,SC,29208,33.996788,-81.026935,"Southeast (AL, AR, FL, GA, KY, LA, MS, NC, SC, TN, VA, WV)"
219046,Black Hills State University,Public,www.bhsu.edu,Spearfish,SD,57799,44.494889,-103.87096600000001,"Plains (IA, KS, MN, MO, NE, ND, SD)"
219347,South Dakota School of Mines & Technology,Engineering,www.sdsmt.edu,Rapid City,SD,57701,44.075439,-103.205753,"Plains (IA, KS, MN, MO, NE, ND, SD)"
219356,South Dakota State University (SDSU),Public,https://www.sdstate.edu/,Brookings,SD,57007,44.317485,-96.782139,"Plains (IA, KS, MN, MO, NE, ND, SD)"
219602,Austin Peay State University,Public,www.apsu.edu,Clarksville,TN,37044,36.533319,-87.35408100000001,"Southeast (AL, AR, FL, GA, KY, LA, MS, NC, SC, TN, VA, WV)"
220613,"Lee University (Cleveland, TN)","Private, Nonprofit",www.leeuniversity.edu,Cleveland,TN,37311,35.166019,-84.871399,"Southeast (AL, AR, FL, GA, KY, LA, MS, NC, SC, TN, VA, WV)"
220862,University of Memphis (U of M),Public,www.memphis.edu,Memphis,TN,38152,35.118878,-89.938068,"Southeast (AL, AR, FL, GA, KY, LA, MS, NC, SC, TN, VA, WV)"
221759,University of Tennessee,Public,www.utk.edu,Knoxville,TN,37996,35.952082,-83.925852,"Southeast (AL, AR, FL, GA, KY, LA, MS, NC, SC, TN, VA, WV)"
221847,Tennessee Technological University,Engineering,www.tntech.edu,Cookeville,TN,38505,36.174754,-85.504039,"Southeast (AL, AR, FL, GA, KY, LA, MS, NC, SC, TN, VA, WV)"
221953,Tusculum College,"Private, Nonprofit",www.tusculum.edu,Greeneville,TN,37743,36.172435,-82.760818,"Southeast (AL, AR, FL, GA, KY, LA, MS, NC, SC, TN, VA, WV)"
221999,Vanderbilt University,"Private, Nonprofit",www.vanderbilt.edu,Nashville,TN,37240,36.14659,-86.80336899999999,"Southeast (AL, AR, FL, GA, KY, LA, MS, NC, SC, TN, VA, WV)"
223232,Baylor University,"Private, Nonprofit",www.baylor.edu,Waco,TX,76798,31.546871999999997,-97.121041,"Southwest (AZ, NM, OK, TX)"
224226,Dallas Baptist University,"Private, Nonprofit",https://www.dbu.edu,Dallas,TX,75211,32.710017,-96.947006,"Southwest (AZ, NM, OK, TX)"
225511,University of Houston (UH),Public,www.uh.edu/,Houston,TX,77204,29.720392999999998,-95.343537,"Southwest (AZ, NM, OK, TX)"
226091,Lamar University,Public,www.lamar.edu,Beaumont,TX,77705,30.042738,-94.072244,"Southwest (AZ, NM, OK, TX)"
226231,LeTourneau University,"Private, Nonprofit",www.letu.edu,Longview,TX,75602,32.46632,-94.726394,"Southwest (AZ, NM, OK, TX)"
227757,Rice University,"Private, Nonprofit",www.rice.edu,Houston,TX,77005,29.717896999999997,-95.402035,"Southwest (AZ, NM, OK, TX)"
228529,Tarleton State University (TSU),Public,www.tarleton.edu,Stephenville,TX,76401,32.214988,-98.214866,"Southwest (AZ, NM, OK, TX)"
228723,Texas A&M University,Public,www.tamu.edu,College Station,TX,77843,30.618726000000002,-96.336475,"Southwest (AZ, NM, OK, TX)"
228769,University of Texas at Arlington (UTA),Public,WWW.UTA.EDU,Arlington,TX,76013,32.729718,-97.11296,"Southwest (AZ, NM, OK, TX)"
228778,University of Texas (UT) - Austin,Public,www.utexas.edu,Austin,TX,78712,30.282825,-97.73827299999999,"Southwest (AZ, NM, OK, TX)"
228796,University of Texas at El Paso (UTEP),Public,www.utep.edu,El Paso,TX,79968,31.77015,-106.504098,"Southwest (AZ, NM, OK, TX)"
228875,Texas Christian University (TCU),"Private, Nonprofit",www.tcu.edu/,Fort Worth,TX,76129,32.70961,-97.364758,"Southwest (AZ, NM, OK, TX)"
229027,University of Texas at San Antonio (UTSA),Public,www.utsa.edu/,San Antonio,TX,78249,29.583709000000002,-98.620657,"Southwest (AZ, NM, OK, TX)"
230047,Brigham Young University (BYU),"Private, Nonprofit",www.byuh.edu/,Laie,HI,96762,21.642073999999997,-157.92658600000001,"Far West (AK, CA, HI, NV, OR, WA)"
230603,Southern Utah University,Public,https://www.suu.edu/,Cedar City,UT,84720,37.674617,-113.070146,"Rocky Mountains (CO, ID, MT, UT, WY)"
230728,Utah State University,Public,www.usu.edu,Logan,UT,84322,41.740747999999996,-111.81391,"Rocky Mountains (CO, ID, MT, UT, WY)"
230737,Utah Valley State College,Public,www.uvu.edu,Orem,UT,84058,40.281078,-111.71645600000001,"Rocky Mountains (CO, ID, MT, UT, WY)"
230764,University of Utah,Public,www.utah.edu,Salt Lake City,UT,84112,40.762484,-111.84604399999999,"Rocky Mountains (CO, ID, MT, UT, WY)"
230959,Middlebury College,Liberal Arts,www.middlebury.edu,Middlebury,VT,05753,44.009116999999996,-73.176068,"New England (CT, ME, MA, NH, RI, VT)"
231174,University of Vermont (UVM),Public,www.uvm.edu,Burlington,VT,05405,44.477325,-73.196646,"New England (CT, ME, MA, NH, RI, VT)"
232186,George Mason University,Public,https://www2.gmu.edu/,Fairfax,VA,22030,38.829976,-77.307428,"Southeast (AL, AR, FL, GA, KY, LA, MS, NC, SC, TN, VA, WV)"
233295,Randolph-Macon College,Liberal Arts,www.rmc.edu,Ashland,VA,23005,37.76043,-77.47841600000001,"Southeast (AL, AR, FL, GA, KY, LA, MS, NC, SC, TN, VA, WV)"
233374,University of Richmond,Liberal Arts,www.richmond.edu,University of Richmond,VA,23173,37.577393,-77.53880600000001,"Southeast (AL, AR, FL, GA, KY, LA, MS, NC, SC, TN, VA, WV)"
233921,Virginia Polytechnic Institute and State University (Virginia Tech),Engineering,WWW.VT.EDU,Blacksburg,VA,24061,37.229012,-80.423675,"Southeast (AL, AR, FL, GA, KY, LA, MS, NC, SC, TN, VA, WV)"
234030,Virginia Commonwealth University (VCU),Public,https://www.vcu.edu/,Richmond,VA,23284,37.549620000000004,-77.452697,"Southeast (AL, AR, FL, GA, KY, LA, MS, NC, SC, TN, VA, WV)"
234076,University of Virginia (UVA),Public,www.virginia.edu,Charlottesville,VA,22903,38.035665,-78.503428,"Southeast (AL, AR, FL, GA, KY, LA, MS, NC, SC, TN, VA, WV)"
234207,Washington and Lee University,Liberal Arts,www.wlu.edu/,Lexington,VA,24450,37.788939,-79.44301800000001,"Southeast (AL, AR, FL, GA, KY, LA, MS, NC, SC, TN, VA, WV)"
235097,Eastern Washington University,Public,www.ewu.edu,Cheney,WA,99004,47.490666999999995,-117.583808,"Far West (AK, CA, HI, NV, OR, WA)"
235167,Evergreen State College,Liberal Arts,www.evergreen.edu,Olympia,WA,98505,47.07382,-122.977492,"Far West (AK, CA, HI, NV, OR, WA)"
235316,Gonzaga University,"Private, Nonprofit",https://www.gonzaga.edu,Spokane,WA,99258,47.666531,-117.400625,"Far West (AK, CA, HI, NV, OR, WA)"
236328,University of Puget Sound,Liberal Arts,www.pugetsound.edu,Tacoma,WA,98416,47.26308,-122.478982,"Far West (AK, CA, HI, NV, OR, WA)"
236595,Seattle University,"Private, Nonprofit",www.seattleu.edu,Seattle,WA,98122,47.608859,-122.318851,"Far West (AK, CA, HI, NV, OR, WA)"
236939,Washington State University (WSU),Public,wsu.edu/,Pullman,WA,99164,46.730447999999996,-117.15816799999999,"Far West (AK, CA, HI, NV, OR, WA)"
236948,University of Washington (UW),Public,www.washington.edu,Seattle,WA,98195,47.65538,-122.30514,"Far West (AK, CA, HI, NV, OR, WA)"
237011,Western Washington University,Public,www.wwu.edu,Bellingham,WA,98225,48.737812,-122.48573400000001,"Far West (AK, CA, HI, NV, OR, WA)"
237057,Whitman College,Liberal Arts,www.whitman.edu,Walla Walla,WA,99362,46.069815000000006,-118.331546,"Far West (AK, CA, HI, NV, OR, WA)"
237969,Virginia Wesleyan College (VWC),"Private, Nonprofit",www.wvwc.edu,Buckhannon,WV,26201,38.990660999999996,-80.218969,"Southeast (AL, AR, FL, GA, KY, LA, MS, NC, SC, TN, VA, WV)"
238032,West Virginia University (WVU),Public,www.wvu.edu,Morgantown,WV,26506,39.634371,-79.954391,"Southeast (AL, AR, FL, GA, KY, LA, MS, NC, SC, TN, VA, WV)"
239105,Marquette University,"Private, Nonprofit",www.marquette.edu,Milwaukee,WI,53233,43.03903,-87.927961,"Great Lakes (IL, IN, MI, OH, WI)"
240189,University of Wisconsin (UW) - Whitewater,Public,www.uww.edu,Whitewater,WI,53190,42.835563,-88.742368,"Great Lakes (IL, IN, MI, OH, WI)"
240268,University of Wisconsin (UW) - Eau Claire,Public,www.uwec.edu,Eau Claire,WI,54701,44.798284,-91.501906,"Great Lakes (IL, IN, MI, OH, WI)"
240277,University of Wisconsin (UW) - Green Bay,Public,www.uwgb.edu,Green Bay,WI,54311,44.532298,-87.919973,"Great Lakes (IL, IN, MI, OH, WI)"
240329,University of Wisconsin (UW) - La Crosse,Public,www.uwlax.edu,La Crosse,WI,54601,43.81568,-91.23186,"Great Lakes (IL, IN, MI, OH, WI)"
240365,University of Wisconsin (UW) - Oshkosh,Public,www.uwosh.edu,Oshkosh,WI,54901,44.026206,-88.549369,"Great Lakes (IL, IN, MI, OH, WI)"
240374,University of Wisconsin (UW) - Parkside,Public,https://www.uwp.edu,Kenosha,WI,53144,42.647718,-87.855231,"Great Lakes (IL, IN, MI, OH, WI)"
240417,University of Wisconsin (UW) - Stout,Public,www.uwstout.edu,Menomonie,WI,54751,44.873187,-91.926653,"Great Lakes (IL, IN, MI, OH, WI)"
240444,University of Wisconsin (UW) - Madison,Public,www.wisc.edu,Madison,WI,53706,43.075409,-89.404098,"Great Lakes (IL, IN, MI, OH, WI)"
240453,University of Wisconsin (UW) - Milwaukee,Public,uwm.edu,Milwaukee,WI,53211,43.076848,-87.880488,"Great Lakes (IL, IN, MI, OH, WI)"
240462,University of Wisconsin (UW) - Platteville,Public,www.uwplatt.edu,Platteville,WI,53818,42.733451,-90.48621999999999,"Great Lakes (IL, IN, MI, OH, WI)"
240480,University of Wisconsin (UW) - Stevens Point,Public,https://www.uwsp.edu,Stevens Point,WI,54481,44.529582,-89.570934,"Great Lakes (IL, IN, MI, OH, WI)"
240727,University of Wyoming (UW),Public,www.uwyo.edu,Laramie,WY,82071,41.311772999999995,-105.57931,"Rocky Mountains (CO, ID, MT, UT, WY)"
243744,Stanford University,"Private, Nonprofit",www.stanford.edu/,Stanford,CA,94305,37.429434,-122.167359,"Far West (AK, CA, HI, NV, OR, WA)"
243780,Purdue University,Public,www.purdue.edu,West Lafayette,IN,47907,40.428206,-86.914435,"Great Lakes (IL, IN, MI, OH, WI)"
